epoch,acc,loss,val_acc,val_loss
0,0.0889338447796,0.00302622786545,0.140762925599,0.00293270886487
