epoch,acc,loss,val_acc,val_loss
0,0.000904963255371,0.0601433564323,0.0,0.0600566044503
1,0.0,0.0600566044465,0.0,0.0600566044503
2,0.0,0.0600566044465,0.0,0.0600566044503
3,0.0,0.0600566044465,0.0,0.0600566044503
