epoch,acc,loss,val_acc,val_loss
0,0.000748935107893,0.0600888697034,0.0,0.0600566044503
1,0.0,0.0600566044465,0.0,0.0600566044503
2,0.0,0.0600566044465,0.0,0.0600566044503
3,0.0,0.0600566044465,0.0,0.0600566044503
4,0.0,0.0600566044465,0.0,0.0600566044503
5,0.0,0.0600566044465,0.0,0.0600566044503
6,0.0,0.0600566044465,0.0,0.0600566044503
7,0.0,0.0600566044465,0.0,0.0600566044503
8,0.0,0.0600566044465,0.0,0.0600566044503
