epoch,acc,loss,val_acc,val_loss
0,0.398183832364,0.0447497628459,0.400798851645,0.0446084788085
