epoch,acc,loss,val_acc,val_loss
0,0.101201970444,0.00300031262974,0.156210592686,0.00289949766374
