epoch,acc,loss,val_acc,val_loss
0,0.10376033704,0.0618873841475,0.102789739751,0.0616611751975
1,0.103760337028,0.0618873841207,0.102789739751,0.0616611751975
2,0.103760337026,0.0618873842945,0.102789739751,0.0616611751975
3,0.103760337026,0.061887384355,0.102789739751,0.0616611751975
4,0.103760337026,0.0618873845259,0.102789739751,0.0616611751975
5,0.103760337027,0.0618873844207,0.102789739751,0.0616611751975
6,0.103760337028,0.0618873845328,0.102789739751,0.0616611751975
7,0.103760337026,0.0618873846584,0.102789739751,0.0616611751975
8,0.103760337026,0.0618873844369,0.102789739751,0.0616611751975
