epoch,acc,loss,val_acc,val_loss
0,0.0887881773408,0.00302205646113,0.154397856242,0.00292283221833
