epoch,acc,loss,val_acc,val_loss
0,0.104591133007,0.00299330866173,0.155186002522,0.00292524513125
