epoch,acc,loss,val_acc,val_loss
0,0.105615763548,0.00299262424775,0.167165825977,0.00288757907895
