epoch,acc,loss,val_acc,val_loss
0,0.334383922864,0.0541958928994,0.371590838152,0.052910576574
