epoch,acc,loss,val_acc,val_loss
0,0.0395680618038,0.00308234447825,0.0632881462799,0.0030688090446
