epoch,acc,loss,val_acc,val_loss
0,0.340827885351,0.053953336658,0.374524121557,0.0520994591513
