epoch,acc,loss,val_acc,val_loss
0,0.0055960591133,0.00315349092884,0.0046500630517,0.0031198237557
