epoch,acc,loss,val_acc,val_loss
0,0.0920788177369,0.00301860355677,0.150378310214,0.0029231094976
