epoch,acc,loss,val_acc,val_loss
0,0.332495982273,0.0541275038435,0.37658366095,0.0521382619776
