epoch,acc,loss,val_acc,val_loss
0,0.345649155112,0.0468208148873,0.378393559268,0.0458756854963
