epoch,acc,loss,val_acc,val_loss
0,0.0884926108395,0.00302240405835,0.132881462799,0.00294208673298
