epoch,acc,loss,val_acc,val_loss
0,0.315894587396,0.0550322319783,0.335954565322,0.0540014640888
1,0.373640604775,0.0523541149009,0.370717094159,0.0522711701693
