epoch,acc,loss,val_acc,val_loss
0,0.230738916259,0.00275825601983,0.292165825977,0.00261267619548
