epoch,acc,loss,val_acc,val_loss
0,0.00014042533273,0.0601643375928,0.0,0.0600566044503
1,0.0,0.0600566044465,0.0,0.0600566044503
2,0.0,0.0600566044465,0.0,0.0600566044503
3,0.0,0.0600566044465,0.0,0.0600566044503
4,0.0,0.0600566044465,0.0,0.0600566044503
5,0.0,0.0600566044465,0.0,0.0600566044503
6,0.0,0.0600566044465,0.0,0.0600566044503
7,0.0,0.0600566044465,0.0,0.0600566044503
8,0.0,0.0600566044465,0.0,0.0600566044503
