epoch,acc,loss,val_acc,val_loss
0,0.0606896551654,0.00306153311958,0.112074401009,0.00299574110585
