epoch,acc,loss,val_acc,val_loss
0,0.0100886699518,0.00311456596629,0.00914249684741,0.00311443552905
